solver,entrie,metric,path,cost,time,space
branch-and-bound,2^4,euclidean,"[0, 4, 7, 9, 6, 14, 8, 13, 11, 3, 2, 12, 5, 15, 1, 10, 0]",961.0,287730.01517000014,127696653
branch-and-bound,2^4,manhattan,"[0, 4, 7, 9, 10, 1, 15, 5, 12, 2, 3, 11, 13, 8, 14, 6, 0]",1166.0,187857.2539550005,82134485
twice-around-the-tree,2^4,euclidean,"[0, 4, 7, 9, 6, 14, 8, 10, 1, 15, 5, 12, 3, 2, 11, 13, 0]",1076.0,2.630282997415634,34697
twice-around-the-tree,2^4,manhattan,"[0, 4, 7, 9, 6, 10, 3, 2, 11, 13, 15, 1, 5, 12, 14, 8, 0]",1558.0,4.240883998136269,34561
christofides,2^4,euclidean,"[0, 4, 7, 9, 6, 14, 8, 13, 11, 2, 3, 15, 1, 10, 5, 12, 0]",1082.0,9.681829000328435,148325
christofides,2^4,manhattan,"[0, 4, 7, 9, 6, 10, 3, 2, 11, 13, 8, 14, 15, 1, 5, 12, 0]",1414.0,10.625040002196329,153989
branch-and-bound,2^5,euclidean,NA,NA,NA,NA
branch-and-bound,2^5,manhattan,NA,NA,NA,NA
twice-around-the-tree,2^5,euclidean,"[0, 10, 7, 31, 9, 15, 11, 19, 21, 26, 24, 1, 13, 17, 20, 8, 3, 22, 14, 18, 4, 27, 23, 12, 16, 25, 2, 5, 30, 29, 6, 28, 0]",1369.0,9.87618100043619,70612
twice-around-the-tree,2^5,manhattan,"[0, 10, 7, 22, 3, 8, 20, 13, 17, 31, 9, 15, 11, 19, 26, 21, 27, 4, 1, 24, 14, 18, 23, 12, 16, 25, 2, 5, 30, 29, 6, 28, 0]",1964.0,8.960103001300013,70900
christofides,2^5,euclidean,"[0, 10, 7, 31, 9, 15, 11, 19, 28, 6, 29, 23, 12, 16, 25, 2, 5, 30, 21, 26, 24, 1, 20, 4, 27, 18, 14, 3, 22, 8, 17, 13, 0]",1342.0,57.81159800244495,357638
christofides,2^5,manhattan,"[0, 10, 7, 22, 3, 8, 20, 13, 17, 31, 9, 15, 11, 19, 26, 21, 28, 6, 29, 30, 5, 2, 25, 16, 12, 23, 27, 4, 1, 24, 14, 18, 0]",1818.0,24.630249998153886,326109
branch-and-bound,2^6,euclidean,NA,NA,NA,NA
branch-and-bound,2^6,manhattan,NA,NA,NA,NA
twice-around-the-tree,2^6,euclidean,"[0, 5, 45, 62, 8, 30, 27, 37, 60, 11, 31, 14, 1, 52, 20, 34, 50, 61, 24, 25, 26, 63, 40, 33, 21, 7, 29, 36, 18, 22, 2, 43, 12, 32, 10, 41, 16, 49, 44, 28, 39, 47, 46, 17, 57, 4, 42, 15, 23, 55, 19, 38, 53, 9, 56, 58, 6, 35, 13, 51, 48, 59, 54, 3, 0]",2245.0,42.78020700076013,234697
twice-around-the-tree,2^6,manhattan,"[0, 5, 45, 62, 8, 30, 27, 37, 60, 31, 11, 14, 1, 52, 20, 34, 50, 61, 24, 25, 26, 63, 40, 18, 22, 2, 55, 43, 12, 39, 47, 46, 17, 57, 4, 42, 15, 23, 10, 32, 41, 44, 49, 16, 28, 19, 38, 53, 9, 7, 29, 36, 21, 33, 56, 58, 6, 35, 51, 13, 48, 3, 54, 59, 0]",2728.0,38.19125999871176,234697
christofides,2^6,euclidean,"[0, 5, 45, 62, 8, 1, 52, 20, 34, 50, 26, 63, 18, 22, 2, 43, 12, 32, 10, 41, 44, 49, 16, 28, 15, 42, 4, 57, 17, 46, 47, 39, 23, 55, 19, 38, 53, 9, 36, 29, 7, 21, 33, 40, 25, 24, 61, 14, 11, 31, 60, 37, 27, 30, 56, 58, 6, 35, 3, 54, 59, 48, 13, 51, 0]",2132.0,185.0007290013309,1081790
christofides,2^6,manhattan,"[0, 5, 45, 62, 8, 1, 52, 20, 34, 50, 26, 63, 18, 22, 2, 55, 43, 12, 10, 32, 41, 44, 49, 16, 28, 15, 42, 4, 57, 17, 46, 47, 39, 23, 19, 38, 53, 9, 7, 29, 36, 21, 33, 25, 24, 61, 40, 14, 11, 31, 60, 37, 27, 30, 56, 58, 6, 35, 51, 13, 59, 54, 3, 48, 0]",2624.0,131.48476499918615,1009463
branch-and-bound,2^7,euclidean,NA,NA,NA,NA
branch-and-bound,2^7,manhattan,NA,NA,NA,NA
twice-around-the-tree,2^7,euclidean,"[0, 45, 63, 14, 12, 47, 9, 78, 13, 57, 90, 119, 18, 106, 5, 10, 88, 28, 56, 114, 68, 27, 35, 61, 62, 75, 66, 121, 94, 82, 103, 73, 101, 32, 49, 83, 85, 43, 72, 64, 100, 3, 55, 118, 23, 48, 1, 102, 81, 19, 71, 51, 122, 107, 36, 80, 33, 89, 30, 38, 84, 125, 96, 126, 79, 123, 127, 8, 52, 112, 120, 20, 54, 59, 97, 31, 26, 46, 108, 39, 124, 104, 65, 25, 98, 111, 58, 15, 44, 60, 37, 21, 16, 99, 11, 7, 110, 40, 41, 2, 93, 92, 74, 34, 53, 22, 109, 117, 95, 70, 67, 105, 87, 69, 86, 115, 113, 29, 91, 17, 4, 50, 42, 116, 76, 77, 6, 24, 0]",3210.0,104.20548799811513,885049
twice-around-the-tree,2^7,manhattan,"[0, 45, 63, 14, 12, 9, 47, 78, 13, 57, 90, 119, 18, 106, 10, 5, 88, 28, 56, 114, 68, 111, 27, 35, 62, 66, 82, 121, 94, 75, 61, 58, 60, 37, 21, 16, 99, 11, 7, 110, 93, 40, 41, 92, 74, 34, 76, 44, 15, 53, 22, 109, 33, 36, 80, 19, 81, 71, 51, 122, 107, 30, 38, 84, 125, 96, 126, 123, 127, 116, 42, 50, 4, 17, 91, 29, 113, 79, 8, 52, 112, 120, 20, 59, 54, 31, 97, 26, 46, 108, 39, 124, 104, 65, 25, 98, 102, 1, 48, 23, 55, 3, 100, 64, 72, 43, 103, 73, 101, 49, 32, 83, 85, 118, 89, 117, 95, 70, 67, 105, 87, 69, 86, 115, 2, 77, 6, 24, 0]",4044.0,107.23251599847572,885049
christofides,2^7,euclidean,"[0, 45, 63, 14, 12, 47, 9, 78, 13, 5, 10, 44, 15, 58, 88, 28, 56, 114, 27, 35, 61, 62, 75, 66, 121, 94, 82, 103, 43, 72, 64, 100, 3, 55, 118, 23, 48, 1, 102, 81, 8, 52, 26, 46, 108, 39, 124, 104, 122, 51, 71, 19, 36, 80, 33, 89, 30, 38, 84, 79, 126, 96, 125, 123, 127, 116, 42, 50, 4, 17, 91, 29, 113, 86, 69, 117, 53, 22, 109, 76, 34, 74, 92, 93, 7, 110, 2, 41, 40, 11, 99, 21, 16, 37, 77, 6, 24, 95, 70, 67, 105, 87, 115, 107, 65, 25, 85, 83, 49, 101, 32, 97, 59, 54, 20, 120, 112, 31, 73, 98, 68, 111, 57, 18, 106, 90, 119, 60, 0]",3270.0,828.6611340008676,3468550
christofides,2^7,manhattan,"[0, 45, 63, 14, 12, 9, 47, 78, 13, 10, 5, 88, 28, 56, 114, 27, 35, 62, 66, 82, 94, 121, 75, 61, 68, 111, 106, 18, 57, 90, 119, 58, 15, 44, 76, 34, 74, 92, 40, 2, 41, 7, 110, 93, 11, 99, 21, 16, 37, 77, 6, 24, 53, 22, 109, 33, 36, 19, 81, 8, 52, 26, 46, 104, 124, 39, 108, 65, 25, 98, 112, 120, 20, 59, 54, 31, 97, 85, 83, 32, 101, 49, 73, 103, 43, 72, 64, 100, 3, 55, 23, 48, 1, 102, 118, 71, 51, 122, 107, 30, 38, 84, 125, 96, 126, 123, 127, 116, 42, 50, 4, 17, 91, 29, 113, 115, 86, 69, 117, 95, 70, 67, 105, 87, 79, 89, 80, 60, 0]",3822.0,979.8200559998804,3595023
branch-and-bound,2^8,euclidean,NA,NA,NA,NA
branch-and-bound,2^8,manhattan,NA,NA,NA,NA
twice-around-the-tree,2^8,euclidean,"[0, 201, 42, 164, 202, 106, 170, 31, 130, 66, 156, 22, 169, 233, 157, 75, 65, 6, 85, 59, 182, 88, 16, 23, 252, 151, 180, 147, 69, 139, 21, 197, 27, 72, 248, 93, 112, 99, 232, 92, 111, 239, 44, 176, 114, 80, 216, 240, 191, 28, 211, 186, 97, 41, 134, 101, 220, 193, 34, 141, 43, 144, 210, 146, 40, 214, 56, 190, 57, 107, 140, 79, 103, 14, 213, 208, 67, 13, 143, 20, 168, 10, 153, 174, 91, 199, 46, 18, 254, 38, 126, 159, 1, 39, 246, 105, 212, 167, 219, 2, 222, 142, 53, 4, 234, 54, 160, 127, 203, 161, 95, 250, 17, 243, 55, 70, 49, 37, 244, 8, 178, 76, 77, 253, 33, 215, 133, 163, 242, 230, 100, 35, 189, 73, 11, 118, 149, 205, 90, 255, 175, 129, 245, 104, 223, 185, 188, 231, 241, 238, 183, 179, 229, 12, 86, 224, 7, 36, 81, 124, 150, 155, 227, 62, 61, 225, 96, 173, 135, 194, 78, 120, 108, 26, 3, 58, 19, 181, 64, 113, 152, 94, 128, 122, 109, 125, 228, 71, 32, 47, 52, 51, 98, 5, 138, 24, 187, 121, 60, 117, 207, 196, 68, 154, 226, 237, 30, 119, 162, 145, 84, 82, 87, 132, 89, 29, 247, 209, 45, 195, 102, 110, 115, 217, 204, 15, 83, 171, 131, 50, 198, 218, 249, 63, 25, 136, 200, 192, 206, 123, 235, 177, 116, 137, 221, 184, 236, 251, 48, 9, 172, 166, 158, 165, 74, 148, 0]",4134.0,660.5289360013558,3476241
twice-around-the-tree,2^8,manhattan,"[0, 201, 42, 164, 202, 106, 170, 31, 88, 16, 23, 151, 252, 130, 66, 156, 22, 169, 233, 157, 75, 65, 6, 85, 59, 182, 180, 147, 69, 139, 21, 197, 27, 72, 248, 93, 112, 99, 232, 92, 111, 239, 44, 176, 114, 80, 216, 240, 191, 28, 211, 5, 138, 24, 187, 121, 60, 117, 207, 196, 68, 154, 226, 237, 30, 119, 71, 41, 134, 101, 97, 186, 32, 47, 220, 193, 34, 141, 43, 144, 210, 146, 40, 214, 94, 128, 56, 190, 57, 107, 140, 79, 103, 14, 213, 208, 67, 13, 35, 189, 155, 11, 73, 118, 143, 20, 168, 215, 133, 163, 242, 10, 153, 174, 91, 199, 46, 18, 167, 219, 2, 222, 142, 53, 4, 234, 54, 160, 127, 203, 250, 161, 95, 243, 17, 55, 70, 49, 37, 178, 76, 77, 253, 33, 126, 38, 254, 159, 246, 1, 39, 105, 212, 244, 8, 230, 100, 227, 62, 61, 225, 135, 173, 96, 194, 78, 120, 58, 19, 181, 64, 113, 152, 90, 149, 205, 255, 175, 129, 229, 12, 86, 224, 7, 36, 81, 124, 150, 245, 104, 223, 241, 238, 183, 179, 231, 185, 188, 108, 26, 3, 122, 109, 125, 228, 52, 51, 98, 162, 145, 84, 82, 195, 102, 110, 115, 204, 217, 15, 83, 171, 131, 50, 198, 218, 249, 63, 25, 206, 123, 235, 177, 116, 137, 221, 184, 236, 251, 48, 136, 200, 192, 9, 172, 166, 158, 165, 74, 148, 45, 89, 29, 247, 209, 132, 87, 0]",5248.0,453.41009800176835,3476241
christofides,2^8,euclidean,"[0, 201, 42, 164, 202, 106, 170, 31, 130, 66, 156, 22, 169, 157, 252, 23, 16, 88, 151, 233, 75, 65, 6, 85, 59, 239, 111, 92, 232, 99, 112, 93, 72, 27, 197, 44, 69, 139, 21, 147, 180, 176, 114, 80, 216, 240, 191, 5, 138, 24, 187, 121, 60, 117, 207, 196, 68, 154, 236, 184, 221, 137, 116, 177, 235, 123, 206, 192, 63, 25, 249, 9, 172, 166, 158, 165, 74, 148, 50, 131, 171, 83, 15, 217, 115, 110, 102, 195, 45, 132, 87, 82, 162, 119, 30, 237, 226, 145, 84, 89, 29, 247, 209, 152, 113, 64, 181, 19, 58, 3, 26, 108, 61, 62, 227, 230, 14, 213, 208, 67, 13, 143, 20, 179, 183, 238, 241, 223, 104, 245, 129, 229, 12, 86, 224, 7, 36, 81, 124, 150, 175, 90, 205, 149, 118, 11, 73, 35, 189, 100, 155, 255, 185, 188, 231, 168, 10, 153, 174, 91, 199, 46, 18, 254, 38, 126, 159, 1, 39, 246, 105, 253, 77, 33, 76, 178, 37, 70, 49, 55, 17, 243, 250, 161, 95, 222, 2, 219, 167, 142, 53, 4, 234, 54, 160, 127, 203, 242, 133, 163, 215, 244, 8, 212, 103, 79, 140, 107, 57, 190, 56, 214, 40, 146, 210, 144, 43, 141, 34, 193, 220, 101, 134, 41, 97, 32, 47, 98, 51, 52, 186, 211, 28, 71, 122, 109, 125, 228, 94, 128, 225, 96, 173, 135, 194, 78, 120, 204, 198, 218, 200, 136, 251, 48, 248, 182, 0]",4079.0,3831.9473330011533,12804541
christofides,2^8,manhattan,"[0, 201, 42, 164, 202, 106, 170, 31, 88, 16, 23, 151, 252, 105, 39, 1, 246, 159, 126, 38, 254, 49, 37, 178, 76, 77, 33, 157, 169, 22, 156, 66, 130, 75, 65, 6, 85, 59, 239, 111, 92, 99, 112, 93, 72, 27, 197, 44, 69, 139, 21, 147, 180, 176, 114, 80, 216, 240, 191, 5, 138, 24, 187, 121, 60, 117, 207, 196, 68, 154, 236, 184, 221, 137, 116, 177, 235, 123, 206, 25, 63, 249, 9, 172, 166, 158, 165, 74, 148, 50, 131, 171, 83, 15, 217, 204, 115, 110, 102, 195, 45, 89, 29, 247, 209, 152, 113, 64, 181, 19, 58, 78, 120, 194, 96, 173, 90, 149, 205, 255, 175, 129, 229, 12, 86, 224, 7, 36, 81, 124, 150, 245, 104, 223, 241, 238, 183, 179, 20, 143, 13, 67, 208, 168, 10, 153, 174, 91, 199, 46, 18, 167, 219, 2, 222, 142, 53, 4, 234, 54, 160, 127, 203, 242, 133, 163, 215, 161, 95, 243, 17, 55, 70, 244, 8, 250, 213, 14, 230, 100, 227, 62, 61, 225, 135, 108, 26, 3, 103, 79, 140, 107, 57, 190, 56, 40, 214, 94, 128, 146, 210, 144, 43, 141, 34, 193, 220, 47, 32, 52, 51, 98, 97, 41, 134, 101, 71, 119, 30, 237, 226, 162, 82, 145, 84, 186, 211, 28, 122, 109, 125, 228, 35, 189, 155, 11, 73, 118, 231, 188, 185, 132, 87, 198, 218, 200, 136, 192, 251, 48, 248, 232, 182, 233, 253, 212, 0]",5248.0,4092.997731997457,12826948
branch-and-bound,2^9,euclidean,NA,NA,NA,NA
branch-and-bound,2^9,manhattan,NA,NA,NA,NA
twice-around-the-tree,2^9,euclidean,"[0, 261, 336, 207, 350, 242, 390, 274, 409, 387, 471, 138, 144, 79, 255, 36, 487, 69, 428, 308, 298, 114, 277, 54, 212, 183, 430, 463, 73, 24, 99, 123, 95, 269, 31, 481, 273, 480, 177, 446, 378, 243, 93, 23, 13, 51, 354, 453, 386, 340, 75, 38, 192, 279, 191, 493, 116, 44, 503, 135, 291, 133, 299, 396, 448, 404, 240, 419, 438, 105, 111, 18, 225, 319, 364, 370, 392, 246, 410, 477, 309, 472, 488, 359, 411, 310, 459, 429, 127, 417, 305, 307, 4, 103, 495, 301, 384, 412, 425, 356, 171, 440, 388, 130, 201, 455, 288, 484, 290, 265, 461, 249, 285, 437, 120, 374, 501, 334, 432, 293, 20, 361, 500, 317, 29, 217, 168, 397, 40, 41, 427, 134, 324, 483, 113, 486, 349, 143, 71, 351, 236, 300, 508, 331, 17, 485, 272, 8, 62, 482, 150, 403, 186, 206, 445, 245, 431, 151, 215, 389, 339, 239, 506, 313, 117, 122, 348, 167, 174, 321, 259, 252, 158, 180, 306, 184, 98, 137, 25, 132, 22, 203, 398, 371, 332, 200, 178, 3, 469, 109, 478, 294, 97, 11, 142, 34, 451, 447, 296, 434, 188, 80, 422, 238, 423, 497, 193, 375, 76, 289, 78, 204, 325, 196, 489, 253, 63, 442, 47, 112, 465, 88, 190, 181, 218, 176, 82, 189, 157, 257, 366, 140, 160, 77, 376, 146, 379, 58, 494, 214, 268, 322, 96, 314, 405, 271, 59, 219, 380, 318, 57, 327, 281, 368, 323, 490, 220, 148, 173, 2, 163, 408, 391, 360, 352, 244, 121, 258, 154, 149, 346, 152, 52, 320, 467, 14, 164, 316, 449, 462, 227, 474, 107, 119, 141, 424, 175, 187, 357, 457, 221, 251, 436, 458, 68, 344, 185, 383, 335, 55, 498, 415, 264, 222, 401, 66, 315, 104, 328, 61, 179, 199, 128, 421, 195, 1, 454, 247, 84, 407, 365, 102, 270, 464, 9, 502, 466, 254, 473, 509, 42, 118, 131, 280, 156, 287, 115, 235, 65, 15, 170, 395, 230, 452, 197, 30, 208, 362, 19, 45, 16, 10, 278, 330, 74, 209, 292, 7, 382, 372, 475, 333, 441, 126, 205, 161, 226, 456, 426, 266, 83, 90, 202, 311, 297, 213, 28, 250, 460, 125, 367, 262, 198, 338, 50, 510, 476, 182, 228, 26, 283, 234, 414, 347, 282, 129, 49, 468, 385, 81, 72, 439, 92, 420, 224, 60, 400, 223, 169, 505, 435, 100, 286, 194, 479, 492, 326, 295, 369, 136, 46, 147, 89, 48, 101, 248, 110, 162, 108, 56, 6, 64, 304, 145, 237, 153, 27, 337, 444, 263, 491, 70, 33, 343, 416, 413, 507, 43, 124, 496, 210, 256, 94, 312, 211, 85, 267, 394, 377, 342, 241, 159, 5, 402, 303, 499, 381, 393, 443, 165, 373, 329, 37, 229, 302, 399, 53, 353, 418, 470, 275, 284, 450, 345, 67, 12, 166, 341, 511, 155, 260, 504, 231, 32, 39, 276, 355, 232, 172, 139, 86, 21, 91, 106, 233, 433, 363, 35, 216, 358, 406, 87, 0]",5779.0,2022.6438479985518,13812097
twice-around-the-tree,2^9,manhattan,"[0, 261, 336, 207, 350, 242, 274, 409, 387, 390, 504, 144, 138, 86, 139, 31, 471, 79, 255, 36, 487, 69, 428, 308, 298, 114, 277, 54, 430, 183, 212, 463, 73, 24, 99, 480, 273, 177, 446, 378, 243, 93, 23, 123, 95, 269, 481, 13, 51, 354, 453, 386, 340, 75, 38, 192, 279, 191, 493, 116, 44, 503, 135, 291, 417, 305, 307, 4, 103, 495, 301, 412, 356, 384, 425, 388, 171, 440, 455, 130, 201, 288, 484, 290, 133, 299, 265, 461, 420, 92, 234, 228, 182, 476, 510, 50, 198, 338, 262, 367, 125, 460, 250, 28, 213, 297, 311, 202, 83, 90, 505, 223, 169, 60, 400, 224, 26, 283, 414, 347, 282, 129, 49, 468, 385, 81, 235, 115, 287, 441, 126, 205, 161, 226, 456, 42, 509, 473, 426, 266, 65, 15, 170, 395, 230, 452, 197, 30, 208, 362, 19, 45, 16, 10, 278, 330, 74, 209, 292, 382, 7, 372, 475, 333, 72, 439, 396, 448, 404, 240, 419, 438, 105, 111, 18, 225, 319, 364, 370, 392, 246, 410, 477, 309, 472, 488, 359, 411, 310, 459, 429, 127, 120, 374, 501, 334, 432, 249, 285, 437, 293, 20, 361, 500, 317, 29, 217, 168, 397, 40, 41, 427, 134, 324, 483, 113, 486, 349, 143, 71, 351, 236, 300, 508, 17, 331, 485, 272, 8, 62, 482, 150, 186, 206, 445, 245, 431, 151, 389, 215, 339, 239, 313, 117, 122, 506, 403, 167, 348, 259, 321, 174, 252, 158, 180, 434, 188, 80, 422, 380, 318, 57, 327, 193, 497, 423, 238, 76, 289, 204, 78, 325, 196, 489, 47, 112, 465, 253, 63, 442, 405, 271, 59, 219, 375, 281, 352, 360, 391, 96, 314, 322, 88, 190, 181, 218, 176, 157, 257, 366, 140, 160, 77, 376, 146, 379, 58, 494, 268, 214, 82, 189, 2, 173, 148, 490, 220, 323, 368, 163, 408, 11, 97, 294, 178, 3, 469, 109, 478, 200, 332, 203, 22, 398, 371, 132, 184, 306, 98, 137, 25, 142, 34, 451, 447, 296, 244, 121, 258, 154, 149, 346, 152, 52, 320, 467, 14, 164, 316, 449, 462, 227, 474, 107, 119, 141, 436, 251, 221, 457, 443, 165, 373, 458, 68, 344, 264, 185, 383, 335, 55, 498, 415, 222, 401, 66, 315, 104, 328, 61, 179, 199, 128, 421, 435, 100, 286, 194, 479, 492, 326, 295, 369, 136, 46, 147, 89, 101, 48, 110, 248, 162, 6, 64, 304, 237, 153, 27, 337, 444, 263, 491, 70, 33, 377, 342, 241, 159, 5, 402, 343, 416, 413, 94, 312, 211, 85, 267, 394, 256, 499, 303, 381, 507, 43, 124, 496, 210, 393, 108, 56, 145, 365, 407, 84, 247, 454, 1, 195, 102, 270, 9, 464, 502, 466, 254, 118, 131, 280, 156, 424, 175, 357, 187, 329, 37, 229, 302, 399, 53, 353, 418, 470, 275, 284, 450, 345, 67, 12, 166, 341, 511, 155, 260, 232, 231, 32, 39, 172, 276, 355, 91, 21, 106, 233, 433, 363, 35, 216, 358, 406, 87, 0]",7428.0,2038.1733579997672,13812097
christofides,2^9,euclidean,"[0, 261, 336, 207, 350, 242, 21, 91, 106, 233, 433, 363, 35, 216, 23, 93, 243, 378, 446, 177, 273, 99, 24, 73, 463, 13, 51, 354, 453, 440, 171, 4, 103, 495, 301, 384, 412, 356, 201, 130, 455, 288, 484, 290, 307, 305, 417, 299, 133, 135, 291, 503, 116, 44, 191, 493, 279, 192, 38, 75, 340, 249, 285, 437, 120, 374, 501, 334, 432, 400, 60, 125, 250, 28, 213, 297, 223, 169, 224, 367, 262, 198, 50, 510, 476, 182, 228, 26, 283, 234, 92, 420, 461, 265, 414, 347, 282, 72, 439, 410, 246, 392, 364, 319, 225, 18, 111, 105, 438, 310, 459, 419, 240, 127, 429, 404, 396, 448, 477, 309, 472, 359, 81, 385, 49, 468, 129, 488, 411, 372, 382, 7, 292, 209, 330, 10, 278, 16, 45, 19, 362, 208, 30, 197, 452, 230, 65, 15, 170, 395, 456, 226, 205, 126, 441, 287, 115, 235, 156, 280, 131, 83, 90, 202, 311, 505, 118, 464, 9, 502, 466, 254, 473, 509, 42, 161, 270, 102, 1, 454, 247, 84, 407, 365, 195, 421, 128, 199, 179, 61, 328, 104, 315, 66, 401, 458, 68, 344, 264, 185, 383, 335, 55, 498, 415, 222, 436, 251, 221, 457, 357, 187, 152, 52, 320, 467, 14, 164, 316, 227, 474, 107, 119, 141, 449, 462, 424, 175, 346, 149, 154, 483, 113, 486, 349, 143, 71, 351, 236, 300, 188, 80, 422, 238, 76, 289, 78, 204, 325, 196, 489, 47, 112, 465, 88, 190, 181, 218, 176, 82, 189, 257, 157, 366, 140, 160, 77, 376, 146, 379, 58, 494, 214, 268, 373, 165, 443, 322, 96, 314, 253, 63, 442, 405, 271, 59, 219, 423, 497, 193, 375, 380, 318, 57, 327, 281, 352, 360, 391, 163, 148, 173, 2, 220, 490, 323, 368, 408, 508, 331, 17, 485, 272, 8, 62, 482, 150, 403, 186, 206, 445, 245, 431, 151, 215, 389, 180, 158, 252, 306, 184, 98, 137, 25, 296, 447, 34, 451, 142, 200, 178, 3, 469, 109, 478, 258, 121, 244, 294, 97, 11, 332, 22, 203, 371, 398, 132, 313, 117, 122, 506, 339, 239, 348, 167, 174, 321, 259, 434, 134, 427, 41, 40, 397, 168, 217, 29, 317, 500, 361, 20, 293, 329, 37, 229, 302, 399, 53, 324, 435, 100, 286, 194, 479, 492, 326, 56, 108, 162, 248, 48, 89, 147, 6, 64, 304, 145, 237, 153, 27, 337, 444, 263, 491, 70, 33, 402, 5, 159, 241, 342, 394, 267, 211, 85, 312, 94, 256, 210, 496, 124, 43, 507, 413, 416, 343, 393, 303, 499, 381, 377, 46, 136, 369, 101, 110, 295, 266, 426, 475, 333, 74, 370, 338, 460, 386, 425, 388, 212, 54, 114, 277, 308, 69, 428, 487, 36, 255, 79, 144, 138, 471, 387, 390, 274, 409, 139, 86, 504, 231, 32, 39, 276, 355, 232, 172, 353, 418, 470, 275, 284, 450, 345, 67, 12, 166, 341, 511, 155, 260, 298, 183, 430, 123, 95, 269, 31, 481, 480, 358, 406, 87, 0]",5809.0,23936.0072879972,49602171
christofides,2^9,manhattan,"[0, 261, 336, 207, 350, 242, 91, 21, 106, 233, 35, 216, 433, 363, 23, 93, 243, 378, 446, 177, 273, 480, 99, 24, 123, 95, 269, 481, 73, 463, 13, 51, 354, 453, 440, 171, 388, 495, 103, 4, 305, 307, 417, 291, 135, 133, 299, 265, 461, 420, 92, 234, 228, 26, 283, 182, 476, 510, 50, 198, 338, 262, 367, 125, 60, 400, 432, 334, 501, 374, 120, 75, 38, 192, 279, 191, 116, 44, 503, 493, 340, 249, 285, 437, 293, 20, 361, 500, 317, 29, 217, 168, 397, 40, 41, 427, 134, 324, 483, 113, 486, 349, 143, 71, 11, 97, 294, 178, 3, 469, 109, 478, 258, 121, 244, 200, 142, 34, 451, 447, 296, 25, 137, 98, 184, 132, 203, 22, 398, 371, 332, 306, 351, 236, 300, 188, 80, 422, 57, 318, 380, 327, 2, 173, 148, 490, 220, 323, 368, 163, 408, 391, 360, 352, 281, 375, 96, 314, 322, 88, 190, 181, 82, 189, 257, 157, 176, 218, 366, 140, 160, 77, 376, 146, 379, 58, 494, 268, 214, 373, 165, 443, 221, 251, 436, 141, 107, 119, 474, 227, 462, 449, 316, 164, 14, 467, 52, 320, 152, 346, 149, 154, 357, 187, 457, 424, 175, 53, 399, 229, 37, 329, 302, 458, 68, 344, 264, 185, 383, 335, 55, 498, 415, 147, 6, 64, 304, 237, 145, 153, 27, 337, 444, 263, 491, 70, 33, 402, 5, 159, 241, 342, 377, 343, 416, 413, 94, 312, 211, 85, 267, 394, 256, 499, 303, 210, 496, 124, 43, 507, 393, 108, 56, 162, 248, 110, 48, 101, 89, 381, 136, 46, 369, 100, 435, 199, 128, 421, 326, 492, 479, 194, 286, 295, 179, 61, 328, 104, 315, 66, 401, 222, 365, 407, 84, 247, 454, 1, 195, 102, 270, 9, 464, 266, 426, 126, 441, 287, 115, 235, 65, 15, 170, 395, 333, 475, 362, 19, 45, 16, 10, 278, 372, 382, 7, 292, 209, 330, 74, 208, 30, 197, 452, 230, 81, 385, 49, 468, 129, 282, 72, 439, 410, 246, 392, 364, 319, 225, 18, 111, 105, 438, 310, 459, 419, 240, 429, 127, 404, 448, 396, 477, 309, 472, 359, 488, 411, 370, 414, 347, 205, 161, 42, 509, 473, 254, 466, 502, 226, 456, 156, 280, 131, 118, 497, 193, 423, 238, 76, 289, 112, 47, 465, 489, 196, 325, 204, 78, 253, 63, 442, 405, 271, 59, 174, 167, 348, 259, 321, 403, 150, 186, 206, 445, 245, 431, 151, 389, 215, 180, 158, 252, 482, 62, 8, 272, 485, 17, 331, 508, 434, 313, 117, 122, 506, 239, 339, 219, 386, 460, 250, 28, 213, 297, 223, 169, 224, 311, 202, 83, 90, 505, 455, 130, 201, 484, 288, 290, 301, 412, 356, 425, 384, 212, 430, 54, 114, 277, 298, 308, 69, 428, 155, 511, 341, 166, 12, 260, 67, 345, 450, 284, 275, 232, 470, 418, 353, 36, 487, 255, 79, 144, 138, 86, 31, 471, 139, 504, 231, 32, 39, 172, 276, 355, 387, 409, 274, 390, 183, 358, 406, 87, 0]",7410.0,28157.817562001583,50361225
branch-and-bound,2^10,euclidean,NA,NA,NA,NA
branch-and-bound,2^10,manhattan,NA,NA,NA,NA
twice-around-the-tree,2^10,euclidean,"[0, 305, 933, 192, 823, 143, 363, 254, 737, 405, 141, 549, 764, 690, 966, 601, 621, 311, 112, 104, 486, 468, 421, 713, 819, 425, 583, 661, 270, 364, 523, 985, 797, 162, 237, 313, 830, 317, 371, 353, 579, 787, 507, 63, 82, 198, 431, 1, 983, 822, 949, 335, 201, 232, 150, 179, 911, 821, 114, 681, 834, 221, 58, 877, 649, 68, 741, 402, 608, 279, 19, 614, 581, 77, 101, 100, 302, 775, 314, 428, 852, 616, 32, 639, 1022, 723, 843, 744, 296, 117, 5, 906, 845, 194, 98, 340, 844, 558, 732, 671, 965, 446, 252, 9, 854, 740, 103, 637, 501, 275, 890, 222, 776, 999, 121, 524, 991, 705, 916, 255, 728, 662, 628, 849, 901, 456, 546, 576, 742, 800, 407, 633, 663, 535, 918, 328, 282, 85, 444, 163, 17, 729, 627, 541, 382, 178, 587, 513, 35, 336, 248, 756, 154, 120, 226, 635, 45, 526, 585, 12, 159, 378, 274, 548, 372, 249, 773, 135, 475, 569, 607, 982, 739, 794, 110, 778, 358, 261, 64, 660, 158, 422, 401, 527, 303, 869, 355, 889, 743, 377, 500, 391, 87, 647, 191, 969, 69, 33, 684, 928, 106, 979, 745, 392, 701, 696, 320, 610, 345, 899, 333, 78, 406, 259, 310, 689, 497, 922, 75, 1016, 644, 414, 866, 244, 572, 553, 641, 904, 426, 510, 665, 489, 924, 463, 361, 238, 386, 935, 376, 578, 235, 216, 736, 1013, 734, 387, 779, 46, 118, 495, 934, 731, 341, 148, 272, 245, 626, 299, 805, 613, 88, 915, 652, 880, 547, 181, 798, 777, 281, 205, 977, 760, 881, 514, 97, 512, 559, 231, 938, 139, 478, 288, 605, 987, 691, 921, 423, 429, 893, 754, 606, 451, 99, 913, 725, 679, 108, 369, 472, 184, 400, 134, 225, 260, 650, 11, 791, 461, 170, 802, 186, 76, 60, 506, 185, 293, 688, 157, 131, 704, 469, 769, 440, 997, 445, 582, 327, 629, 973, 161, 895, 529, 27, 571, 767, 466, 883, 295, 337, 147, 177, 241, 680, 102, 600, 318, 518, 919, 885, 557, 752, 384, 878, 1015, 693, 373, 902, 93, 597, 711, 477, 79, 550, 515, 519, 768, 658, 981, 521, 522, 362, 411, 827, 808, 952, 418, 155, 974, 908, 910, 481, 676, 149, 354, 86, 656, 887, 307, 403, 138, 430, 687, 83, 970, 947, 856, 116, 264, 457, 812, 196, 654, 942, 210, 809, 789, 709, 508, 898, 520, 874, 664, 615, 50, 133, 54, 128, 51, 502, 242, 565, 113, 623, 127, 813, 588, 561, 132, 528, 300, 67, 920, 171, 62, 962, 153, 56, 619, 220, 374, 1000, 943, 771, 955, 783, 1017, 233, 290, 199, 383, 593, 994, 574, 360, 398, 586, 436, 927, 442, 315, 972, 602, 399, 29, 34, 708, 257, 870, 984, 886, 20, 1019, 580, 105, 41, 491, 564, 603, 107, 940, 344, 474, 487, 74, 989, 6, 123, 44, 715, 803, 94, 324, 473, 815, 858, 842, 7, 861, 846, 151, 865, 187, 804, 872, 90, 511, 437, 172, 651, 223, 277, 57, 831, 347, 175, 903, 130, 590, 540, 43, 439, 930, 726, 914, 733, 759, 516, 136, 961, 950, 592, 49, 577, 142, 483, 89, 784, 73, 441, 862, 375, 467, 494, 208, 212, 368, 894, 193, 900, 714, 239, 183, 814, 625, 795, 188, 334, 470, 532, 256, 860, 81, 847, 234, 517, 835, 265, 868, 828, 772, 145, 137, 224, 287, 694, 793, 699, 433, 285, 595, 677, 630, 284, 956, 718, 875, 278, 631, 1002, 312, 799, 850, 953, 968, 394, 291, 624, 954, 263, 692, 747, 657, 14, 26, 465, 964, 443, 1021, 251, 164, 912, 230, 748, 538, 271, 338, 909, 297, 48, 52, 160, 2, 951, 609, 330, 884, 31, 945, 786, 460, 359, 95, 622, 832, 92, 247, 706, 855, 645, 59, 156, 818, 380, 124, 829, 674, 449, 566, 700, 166, 763, 209, 1007, 604, 173, 413, 370, 667, 219, 427, 996, 389, 505, 169, 462, 995, 174, 323, 675, 584, 450, 351, 227, 826, 796, 30, 479, 496, 937, 724, 111, 820, 10, 40, 642, 13, 240, 415, 197, 636, 986, 673, 1004, 294, 381, 544, 214, 698, 863, 53, 168, 339, 721, 960, 448, 109, 720, 596, 452, 707, 298, 554, 348, 332, 8, 591, 533, 719, 755, 1003, 936, 551, 316, 543, 923, 268, 1010, 598, 352, 925, 36, 716, 575, 1008, 670, 806, 55, 536, 770, 218, 810, 304, 710, 1020, 761, 22, 643, 122, 957, 683, 1014, 228, 758, 703, 666, 331, 978, 80, 207, 152, 560, 397, 659, 454, 408, 140, 356, 306, 243, 412, 509, 204, 325, 393, 712, 72, 385, 379, 801, 556, 480, 882, 1009, 611, 262, 206, 357, 96, 993, 266, 203, 589, 484, 525, 4, 292, 447, 15, 573, 632, 905, 346, 492, 867, 727, 342, 280, 499, 176, 453, 388, 28, 493, 807, 66, 490, 115, 948, 618, 1023, 765, 717, 840, 16, 38, 289, 931, 891, 39, 236, 896, 417, 851, 672, 722, 180, 65, 837, 762, 612, 730, 892, 215, 992, 329, 929, 91, 488, 857, 634, 941, 25, 326, 811, 350, 958, 70, 917, 751, 678, 695, 1011, 84, 753, 167, 409, 939, 202, 47, 1012, 420, 655, 349, 404, 530, 250, 267, 396, 498, 246, 18, 322, 746, 785, 213, 539, 774, 836, 217, 932, 669, 792, 476, 975, 537, 563, 37, 71, 1006, 309, 907, 750, 998, 146, 471, 871, 190, 653, 229, 42, 319, 668, 686, 3, 308, 788, 283, 838, 61, 963, 23, 21, 599, 129, 459, 1001, 200, 594, 926, 438, 555, 825, 790, 395, 567, 419, 638, 455, 545, 531, 273, 782, 542, 980, 824, 258, 435, 189, 276, 126, 482, 988, 766, 839, 182, 552, 485, 640, 416, 562, 503, 859, 534, 144, 125, 458, 876, 780, 504, 879, 848, 735, 990, 119, 321, 971, 864, 702, 620, 873, 424, 367, 617, 410, 648, 697, 817, 165, 366, 343, 432, 816, 888, 781, 568, 749, 685, 301, 211, 833, 897, 757, 365, 195, 841, 390, 682, 976, 1005, 646, 269, 434, 944, 738, 967, 570, 946, 253, 959, 464, 286, 24, 853, 1018, 0]",8243.0,9886.862610997923,55184771
twice-around-the-tree,2^10,manhattan,"[0, 933, 305, 425, 819, 713, 421, 468, 486, 104, 112, 311, 621, 601, 966, 690, 764, 141, 405, 737, 254, 143, 363, 192, 823, 1018, 549, 286, 24, 853, 270, 364, 523, 985, 464, 797, 237, 162, 787, 507, 63, 82, 198, 431, 1, 983, 822, 949, 335, 150, 232, 201, 58, 179, 114, 821, 911, 681, 834, 221, 877, 649, 68, 741, 402, 608, 279, 19, 614, 581, 77, 101, 100, 302, 775, 314, 428, 852, 616, 32, 639, 1022, 723, 843, 744, 296, 117, 5, 906, 845, 194, 98, 844, 671, 965, 446, 252, 9, 854, 732, 558, 340, 740, 637, 103, 275, 890, 222, 776, 999, 121, 524, 991, 705, 916, 255, 501, 728, 662, 628, 849, 901, 456, 800, 546, 576, 742, 407, 633, 663, 535, 918, 154, 756, 328, 282, 85, 587, 513, 35, 336, 627, 17, 729, 541, 382, 178, 248, 444, 163, 120, 226, 635, 45, 526, 585, 12, 159, 378, 274, 548, 372, 967, 773, 249, 570, 135, 475, 569, 607, 982, 739, 794, 110, 778, 358, 261, 64, 660, 158, 422, 401, 869, 355, 889, 743, 377, 500, 391, 87, 647, 191, 976, 379, 385, 72, 801, 510, 904, 426, 665, 489, 924, 463, 361, 238, 235, 216, 547, 181, 798, 777, 281, 205, 977, 760, 559, 97, 512, 514, 881, 139, 478, 288, 987, 605, 691, 921, 451, 606, 754, 893, 99, 529, 913, 369, 108, 184, 400, 134, 225, 260, 704, 445, 997, 319, 42, 229, 871, 471, 190, 653, 750, 907, 668, 686, 289, 931, 71, 1006, 37, 807, 493, 28, 66, 490, 115, 891, 39, 236, 1023, 618, 948, 765, 717, 840, 16, 38, 746, 322, 18, 246, 498, 396, 537, 180, 722, 672, 851, 417, 896, 563, 555, 825, 438, 65, 762, 612, 730, 892, 215, 992, 267, 250, 530, 47, 202, 1012, 420, 655, 349, 404, 634, 857, 941, 25, 326, 811, 350, 958, 70, 917, 751, 678, 695, 1011, 84, 753, 329, 837, 929, 91, 488, 167, 409, 939, 213, 836, 774, 217, 932, 669, 792, 476, 975, 539, 785, 388, 309, 3, 283, 308, 788, 998, 146, 440, 769, 469, 129, 459, 1001, 599, 21, 23, 963, 61, 838, 176, 453, 727, 342, 499, 280, 419, 567, 395, 790, 867, 492, 346, 905, 632, 573, 15, 292, 447, 4, 525, 126, 482, 988, 766, 839, 182, 552, 485, 640, 484, 203, 589, 416, 562, 503, 859, 534, 144, 125, 458, 876, 780, 873, 990, 735, 848, 879, 119, 321, 971, 864, 702, 620, 504, 266, 993, 96, 357, 206, 262, 638, 455, 545, 531, 273, 782, 980, 824, 258, 435, 542, 189, 276, 200, 594, 926, 650, 11, 791, 461, 170, 802, 186, 76, 60, 506, 293, 185, 688, 157, 131, 472, 582, 327, 629, 973, 161, 895, 679, 725, 423, 429, 466, 571, 27, 883, 295, 337, 332, 147, 177, 241, 680, 102, 600, 318, 452, 596, 168, 339, 721, 960, 109, 448, 720, 214, 698, 863, 53, 544, 557, 752, 878, 384, 1015, 219, 693, 373, 902, 93, 597, 711, 550, 79, 477, 912, 808, 952, 418, 155, 974, 481, 908, 910, 676, 149, 354, 86, 656, 887, 307, 403, 138, 430, 687, 83, 970, 947, 856, 116, 264, 457, 812, 196, 654, 210, 809, 942, 789, 709, 508, 898, 520, 874, 664, 615, 50, 54, 128, 51, 502, 133, 242, 565, 113, 623, 127, 813, 588, 561, 132, 7, 861, 955, 783, 771, 943, 1000, 374, 1017, 220, 528, 300, 67, 920, 171, 56, 619, 62, 962, 153, 233, 290, 199, 383, 593, 994, 574, 360, 398, 1019, 580, 586, 436, 927, 442, 315, 972, 602, 399, 29, 34, 708, 105, 41, 487, 564, 491, 107, 940, 344, 474, 603, 257, 870, 984, 886, 291, 624, 968, 953, 850, 799, 312, 631, 1002, 278, 875, 718, 956, 657, 14, 26, 465, 443, 1021, 251, 164, 747, 394, 954, 263, 692, 20, 74, 989, 6, 123, 44, 715, 842, 803, 94, 324, 473, 815, 858, 846, 151, 865, 187, 804, 872, 90, 511, 437, 651, 172, 277, 57, 831, 347, 175, 903, 130, 590, 540, 43, 439, 930, 726, 914, 733, 759, 516, 136, 961, 950, 592, 223, 49, 577, 142, 483, 89, 784, 73, 441, 862, 467, 494, 208, 894, 368, 212, 193, 900, 714, 239, 183, 375, 814, 625, 795, 188, 334, 470, 532, 256, 860, 81, 137, 224, 145, 772, 517, 835, 234, 868, 265, 682, 828, 847, 699, 433, 285, 595, 677, 630, 284, 964, 515, 519, 768, 658, 981, 521, 522, 362, 411, 827, 230, 748, 538, 271, 338, 909, 297, 48, 52, 160, 2, 951, 330, 884, 31, 945, 786, 460, 359, 95, 622, 832, 247, 706, 855, 818, 156, 59, 645, 380, 124, 829, 674, 449, 566, 700, 166, 763, 209, 1007, 604, 92, 173, 413, 609, 370, 667, 427, 996, 389, 505, 169, 462, 995, 675, 323, 174, 642, 13, 240, 415, 197, 584, 450, 227, 351, 479, 496, 937, 724, 111, 694, 287, 793, 820, 10, 40, 826, 796, 30, 636, 986, 673, 1004, 294, 381, 885, 919, 518, 707, 298, 554, 348, 8, 591, 533, 719, 755, 1003, 936, 551, 316, 352, 923, 543, 268, 1010, 598, 304, 770, 218, 810, 536, 55, 670, 806, 36, 716, 575, 1008, 925, 710, 1020, 761, 22, 643, 122, 957, 683, 1014, 228, 666, 331, 978, 80, 207, 152, 560, 397, 659, 454, 758, 703, 231, 938, 767, 736, 1013, 734, 387, 779, 46, 118, 495, 934, 731, 341, 148, 272, 245, 626, 299, 805, 613, 88, 915, 652, 880, 408, 140, 386, 935, 578, 376, 356, 306, 243, 412, 509, 204, 325, 393, 712, 553, 641, 572, 244, 866, 414, 644, 75, 1016, 922, 497, 689, 259, 406, 78, 333, 899, 345, 696, 320, 610, 979, 928, 106, 684, 33, 69, 745, 392, 701, 897, 757, 697, 817, 165, 366, 343, 432, 816, 888, 833, 781, 568, 749, 685, 301, 211, 310, 424, 367, 617, 410, 648, 480, 882, 1009, 611, 556, 969, 527, 303, 195, 841, 365, 1005, 390, 646, 269, 434, 944, 738, 959, 946, 253, 313, 830, 317, 371, 353, 579, 583, 661, 0]",10572.0,8717.510351001692,55184771
christofides,2^10,euclidean,"[0, 305, 933, 819, 425, 620, 702, 119, 321, 971, 864, 990, 735, 848, 879, 144, 125, 458, 876, 780, 485, 552, 182, 839, 766, 988, 482, 126, 525, 4, 292, 15, 573, 632, 200, 594, 926, 438, 555, 825, 939, 409, 167, 25, 941, 634, 857, 202, 47, 1012, 420, 655, 349, 853, 24, 286, 141, 405, 737, 254, 143, 363, 823, 192, 1018, 549, 661, 583, 764, 690, 966, 601, 621, 311, 112, 104, 486, 468, 421, 713, 270, 364, 523, 985, 797, 162, 237, 313, 830, 317, 371, 353, 579, 787, 1, 983, 822, 949, 335, 201, 58, 232, 150, 179, 911, 114, 681, 821, 834, 221, 877, 649, 68, 741, 402, 19, 614, 581, 77, 101, 100, 302, 775, 314, 428, 852, 616, 32, 639, 1022, 723, 843, 103, 637, 501, 275, 890, 222, 776, 999, 121, 524, 991, 740, 117, 5, 906, 845, 98, 340, 844, 558, 732, 671, 965, 446, 252, 9, 854, 431, 198, 82, 63, 507, 194, 296, 744, 705, 255, 916, 728, 662, 628, 849, 901, 456, 45, 526, 585, 12, 159, 378, 274, 548, 372, 249, 773, 135, 475, 569, 607, 982, 739, 794, 110, 738, 944, 269, 434, 646, 660, 64, 261, 358, 778, 158, 422, 401, 303, 527, 869, 355, 889, 743, 377, 500, 391, 87, 647, 191, 682, 390, 841, 195, 365, 1005, 976, 969, 69, 33, 684, 928, 106, 979, 610, 320, 696, 345, 899, 333, 78, 406, 259, 310, 689, 497, 922, 75, 1016, 644, 414, 866, 244, 572, 553, 72, 385, 379, 556, 801, 510, 426, 904, 641, 665, 489, 356, 306, 243, 412, 509, 204, 325, 435, 258, 824, 980, 542, 782, 189, 273, 531, 545, 455, 638, 276, 393, 712, 924, 463, 361, 235, 216, 736, 1013, 734, 387, 46, 779, 118, 495, 934, 731, 341, 148, 272, 245, 880, 652, 626, 299, 805, 613, 88, 915, 145, 772, 517, 234, 81, 860, 137, 224, 287, 694, 793, 508, 898, 520, 874, 664, 50, 133, 54, 128, 51, 502, 242, 565, 113, 623, 127, 813, 588, 561, 132, 7, 861, 528, 220, 374, 233, 199, 383, 593, 994, 574, 360, 74, 989, 6, 123, 44, 715, 474, 344, 940, 107, 564, 491, 41, 105, 580, 1019, 398, 586, 436, 927, 442, 315, 972, 602, 399, 29, 34, 708, 257, 870, 20, 984, 886, 692, 263, 954, 394, 291, 624, 968, 953, 747, 850, 799, 312, 1002, 631, 278, 875, 718, 956, 630, 284, 285, 433, 699, 196, 654, 942, 210, 809, 789, 709, 812, 457, 264, 116, 856, 86, 656, 887, 307, 403, 138, 430, 687, 83, 381, 294, 1004, 673, 996, 389, 505, 169, 462, 995, 174, 323, 675, 584, 450, 351, 227, 826, 30, 479, 496, 937, 724, 111, 40, 10, 820, 796, 642, 13, 240, 986, 636, 415, 197, 427, 752, 384, 219, 878, 1015, 693, 373, 902, 93, 597, 912, 477, 79, 550, 515, 519, 768, 411, 658, 981, 521, 362, 522, 338, 271, 909, 2, 951, 609, 330, 884, 31, 945, 786, 460, 359, 95, 622, 832, 92, 247, 706, 855, 645, 59, 156, 818, 380, 124, 829, 674, 449, 566, 700, 166, 763, 209, 1007, 604, 454, 659, 397, 560, 666, 228, 1014, 957, 122, 643, 22, 761, 936, 551, 316, 543, 352, 703, 758, 923, 268, 1010, 598, 304, 810, 218, 770, 536, 55, 670, 36, 716, 575, 1008, 925, 806, 710, 1020, 76, 186, 802, 170, 60, 461, 791, 11, 650, 260, 225, 134, 400, 184, 108, 369, 472, 429, 423, 893, 754, 606, 451, 99, 913, 725, 679, 529, 605, 288, 478, 139, 27, 571, 767, 466, 883, 295, 8, 591, 533, 719, 755, 1003, 337, 147, 177, 241, 680, 102, 600, 318, 518, 919, 885, 557, 544, 214, 168, 339, 721, 960, 448, 109, 720, 348, 554, 298, 707, 596, 452, 698, 863, 53, 332, 231, 97, 512, 559, 514, 881, 760, 977, 205, 281, 777, 798, 181, 547, 938, 987, 691, 921, 582, 327, 629, 973, 161, 895, 140, 408, 704, 469, 769, 440, 1001, 459, 129, 599, 21, 23, 963, 61, 838, 176, 453, 388, 28, 493, 807, 37, 71, 3, 308, 283, 788, 146, 998, 750, 471, 190, 653, 871, 229, 42, 319, 445, 997, 907, 309, 668, 686, 931, 289, 38, 16, 717, 765, 618, 948, 115, 490, 66, 891, 39, 236, 896, 417, 851, 396, 498, 246, 18, 322, 746, 1023, 785, 213, 539, 774, 217, 932, 669, 792, 476, 975, 992, 215, 892, 730, 329, 612, 762, 837, 65, 180, 722, 672, 929, 91, 488, 267, 250, 530, 836, 537, 563, 840, 1006, 727, 342, 280, 499, 419, 567, 395, 790, 867, 492, 346, 905, 506, 157, 131, 688, 185, 293, 683, 331, 978, 80, 207, 152, 160, 48, 52, 297, 173, 413, 538, 748, 230, 370, 667, 827, 808, 952, 418, 155, 974, 676, 149, 354, 908, 481, 164, 251, 1021, 443, 26, 14, 657, 465, 964, 910, 711, 970, 947, 677, 595, 487, 603, 803, 94, 324, 473, 815, 714, 900, 193, 894, 368, 212, 208, 494, 467, 375, 862, 441, 73, 784, 89, 483, 151, 865, 142, 831, 57, 277, 172, 49, 651, 223, 511, 90, 187, 804, 872, 437, 577, 828, 265, 868, 835, 347, 175, 903, 130, 590, 540, 43, 439, 930, 726, 914, 733, 570, 967, 759, 516, 136, 961, 950, 592, 846, 814, 625, 795, 188, 334, 239, 183, 858, 842, 783, 955, 771, 943, 1000, 290, 1017, 153, 962, 62, 171, 56, 619, 920, 67, 300, 470, 615, 532, 256, 847, 238, 386, 935, 376, 578, 480, 882, 611, 262, 206, 357, 96, 993, 266, 203, 589, 504, 484, 416, 562, 503, 859, 534, 1009, 424, 367, 617, 648, 410, 697, 817, 165, 366, 343, 432, 816, 888, 253, 946, 781, 568, 301, 211, 749, 685, 833, 757, 897, 392, 701, 745, 546, 407, 328, 282, 85, 444, 163, 17, 729, 627, 541, 382, 178, 248, 336, 35, 513, 587, 756, 154, 120, 226, 635, 918, 535, 663, 633, 742, 576, 800, 959, 608, 279, 464, 404, 326, 811, 350, 958, 70, 917, 751, 678, 695, 1011, 84, 753, 447, 640, 873, 0]",8479.0,134861.13257899706,193342530
christofides,2^10,manhattan,"[0, 933, 305, 425, 819, 583, 661, 713, 421, 468, 486, 104, 112, 311, 621, 601, 966, 690, 764, 141, 405, 737, 254, 143, 363, 192, 823, 1018, 549, 286, 24, 853, 270, 364, 523, 985, 464, 797, 237, 162, 787, 507, 1, 983, 822, 949, 335, 150, 232, 179, 114, 821, 911, 681, 620, 702, 321, 119, 990, 735, 848, 879, 873, 125, 144, 504, 562, 416, 589, 203, 484, 4, 525, 126, 482, 988, 766, 182, 552, 485, 780, 876, 458, 839, 640, 447, 292, 15, 573, 632, 200, 594, 926, 438, 555, 825, 563, 896, 417, 851, 672, 722, 180, 65, 762, 612, 730, 329, 246, 18, 322, 746, 1023, 39, 236, 891, 388, 453, 176, 727, 342, 499, 280, 419, 567, 395, 790, 867, 492, 346, 905, 838, 61, 963, 23, 21, 599, 129, 459, 1001, 469, 769, 440, 704, 260, 225, 134, 400, 184, 108, 369, 679, 725, 529, 99, 754, 606, 423, 429, 688, 185, 293, 506, 11, 791, 461, 170, 60, 653, 190, 471, 871, 229, 42, 319, 445, 997, 750, 907, 668, 686, 289, 931, 71, 3, 283, 308, 788, 28, 493, 807, 37, 1006, 66, 490, 115, 309, 998, 146, 802, 186, 76, 1020, 710, 670, 36, 716, 575, 1008, 921, 691, 987, 288, 478, 139, 466, 571, 27, 883, 295, 8, 591, 533, 719, 755, 1003, 936, 551, 316, 55, 352, 923, 268, 1010, 304, 770, 218, 810, 536, 925, 598, 543, 761, 22, 643, 122, 957, 683, 331, 666, 228, 1014, 758, 703, 978, 80, 207, 152, 160, 48, 52, 297, 909, 2, 951, 330, 884, 31, 945, 786, 460, 359, 95, 622, 832, 92, 247, 706, 855, 818, 156, 59, 645, 380, 124, 829, 674, 449, 566, 700, 166, 763, 209, 1007, 604, 454, 659, 397, 560, 173, 413, 609, 271, 338, 538, 748, 230, 373, 93, 597, 827, 515, 519, 768, 411, 354, 149, 676, 974, 155, 418, 952, 86, 656, 887, 307, 403, 138, 430, 687, 83, 793, 287, 694, 937, 496, 479, 351, 227, 826, 30, 796, 996, 389, 169, 462, 995, 675, 323, 174, 642, 13, 240, 415, 197, 40, 10, 820, 584, 450, 636, 986, 318, 102, 600, 680, 241, 177, 147, 332, 707, 298, 554, 348, 337, 452, 596, 168, 339, 721, 448, 109, 960, 720, 214, 698, 863, 53, 544, 557, 752, 427, 878, 384, 219, 1015, 693, 885, 919, 518, 505, 673, 1004, 294, 381, 724, 111, 970, 947, 912, 477, 79, 550, 711, 808, 856, 116, 264, 457, 812, 196, 654, 210, 809, 942, 709, 508, 898, 520, 874, 664, 50, 54, 128, 51, 502, 133, 242, 565, 113, 623, 127, 813, 588, 561, 132, 7, 861, 955, 771, 943, 233, 199, 383, 593, 574, 360, 74, 989, 6, 123, 44, 715, 474, 344, 940, 107, 564, 487, 41, 105, 708, 34, 29, 399, 257, 870, 20, 984, 886, 291, 624, 968, 953, 747, 850, 312, 631, 278, 875, 718, 956, 657, 14, 26, 465, 443, 1021, 251, 164, 263, 954, 1002, 799, 394, 692, 602, 972, 315, 442, 927, 436, 586, 398, 1019, 580, 491, 603, 994, 842, 803, 94, 324, 473, 815, 212, 368, 894, 193, 900, 239, 183, 714, 208, 494, 467, 375, 441, 73, 784, 89, 483, 151, 865, 187, 90, 511, 437, 49, 1005, 365, 195, 841, 390, 303, 527, 422, 158, 660, 64, 261, 358, 778, 569, 135, 475, 773, 249, 570, 178, 382, 541, 627, 17, 729, 336, 35, 513, 587, 85, 444, 163, 282, 328, 756, 154, 120, 226, 635, 255, 916, 705, 999, 121, 524, 991, 776, 222, 275, 890, 637, 103, 501, 639, 32, 616, 852, 428, 314, 775, 302, 77, 581, 614, 19, 741, 68, 649, 877, 402, 608, 279, 101, 100, 340, 98, 845, 194, 906, 5, 117, 296, 744, 843, 723, 1022, 740, 844, 671, 965, 446, 252, 9, 854, 732, 558, 628, 849, 901, 456, 45, 526, 585, 12, 159, 378, 274, 548, 372, 967, 800, 546, 407, 633, 663, 535, 918, 742, 576, 959, 946, 253, 888, 816, 343, 432, 366, 165, 817, 697, 345, 696, 320, 610, 979, 928, 106, 684, 33, 69, 745, 392, 701, 897, 757, 833, 899, 333, 78, 406, 259, 310, 689, 497, 922, 75, 1016, 644, 414, 866, 244, 572, 553, 72, 385, 379, 647, 87, 391, 500, 377, 743, 889, 355, 869, 401, 969, 191, 976, 682, 265, 868, 234, 517, 835, 772, 145, 137, 224, 860, 81, 847, 256, 532, 915, 88, 613, 805, 626, 272, 148, 652, 880, 341, 731, 934, 495, 118, 387, 779, 46, 734, 1013, 736, 216, 235, 238, 361, 463, 924, 489, 356, 306, 243, 412, 509, 204, 325, 435, 258, 824, 980, 542, 782, 189, 273, 531, 545, 455, 638, 276, 393, 712, 410, 367, 617, 648, 424, 665, 426, 510, 904, 801, 386, 935, 578, 376, 408, 140, 895, 161, 973, 582, 327, 629, 547, 181, 798, 777, 281, 205, 977, 760, 559, 97, 512, 514, 881, 245, 299, 828, 556, 641, 480, 882, 1009, 611, 262, 206, 357, 96, 993, 211, 301, 568, 749, 685, 781, 728, 662, 248, 607, 982, 739, 794, 110, 738, 944, 434, 269, 646, 651, 172, 277, 57, 831, 592, 950, 961, 516, 136, 759, 914, 726, 439, 43, 540, 590, 903, 130, 175, 347, 930, 733, 223, 577, 142, 804, 872, 846, 862, 334, 188, 795, 625, 814, 858, 290, 153, 962, 62, 920, 67, 300, 528, 220, 374, 1000, 1017, 171, 56, 619, 783, 470, 615, 789, 699, 433, 285, 284, 630, 677, 595, 964, 481, 908, 910, 658, 981, 521, 362, 522, 902, 370, 667, 231, 938, 767, 451, 605, 806, 650, 157, 131, 893, 913, 472, 618, 948, 38, 16, 717, 765, 840, 785, 213, 836, 774, 217, 932, 669, 792, 476, 975, 539, 498, 396, 537, 892, 215, 992, 267, 250, 530, 47, 202, 1012, 420, 655, 349, 404, 634, 857, 941, 25, 326, 811, 350, 958, 70, 917, 751, 678, 695, 84, 939, 409, 167, 91, 488, 929, 1011, 753, 837, 266, 534, 859, 503, 971, 864, 834, 221, 201, 58, 63, 82, 198, 431, 353, 371, 317, 830, 313, 579, 0]",10930.0,169230.93254700143,201402461
